<?xml version="1.0" encoding="UTF-8"?>
<sk:systemKeys xmlns:sk="http://pingidentity.com/2018/01/system-keys">
    <sk:currentKey>
        <sk:key>eyJhbGciOiJkaXIiLCJlbmMiOiJBMTI4Q0JDLUhTMjU2Iiwia2lkIjoib1ZBY2F5bzhXWSIsInZlcnNpb24iOiI5LjMuMy4zIiwiemlwIjoiREVGIn0..PGYYTQCyy8Q6Z5VVQvCMcQ.1bqEEsyRsZB4l4Gnt4JJDTtIMz2VJkxxJ7okRgPK8fQAXoJxFQhkMFTAYnMczyyc.aDgb1746ktZH3VW30dZnTg</sk:key>
        <sk:generatedTime>2020-10-23T16:15:15.980Z</sk:generatedTime>
    </sk:currentKey>
    <sk:previousKey xsi:nil="true" xmlns:xsi="http://www.w3.org/2001/XMLSchema-instance"/>
    <sk:pendingKey>
        <sk:key>eyJhbGciOiJkaXIiLCJlbmMiOiJBMTI4Q0JDLUhTMjU2Iiwia2lkIjoib1ZBY2F5bzhXWSIsInZlcnNpb24iOiI5LjMuMy4zIiwiemlwIjoiREVGIn0..SQlZ7lFXD-H4jHDA4HTvNw.WVQCul2bHIjErC6GOcnXM99R9-DVSr_7UAVmD71GAb_ALsB5O4Yu7pFFD3foiwNu.CwLjcBv0ws4SaTteVuTw3g</sk:key>
        <sk:generatedTime>2020-10-23T16:15:15.981Z</sk:generatedTime>
    </sk:pendingKey>
</sk:systemKeys>