<?xml version="1.0" encoding="UTF-8"?>
<urn:PluginConfiguration isInheritExtendedContractAttributes="false" name="passwordValidator" xmlns:urn="urn:sourceid.org:saml2:adapter:conf">
    <urn:Fields/>
    <urn:AdvancedFields/>
    <urn:Tables>
        <urn:Table name="Users">
            <urn:Row>
                <urn:Field name="Username">Brian</urn:Field>
                <urn:Field name="Password">1QjtLoD9s7McloF6-bD6dEUhoG6_bfXgmq-gscOIKzs.oOTY7Su2.2</urn:Field>
                <urn:Field name="Confirm Password">h6bMuAZVKxqTfCNw8Iq0WTi_u7FIBYbQcjO3vBCTgg4._awfxoVU.2</urn:Field>
                <urn:Field name="Relax Password Requirements">false</urn:Field>
            </urn:Row>
        </urn:Table>
    </urn:Tables>
</urn:PluginConfiguration>